iter	MultiClass
0	1.080410116
1	1.060268089
2	1.043380578
3	1.026639476
4	1.010856936
5	0.9946256575
6	0.9845212577
7	0.9733858182
8	0.9553205925
9	0.9417043229
